index,uri
0,/
1,/pages/biennial-review
2,/pages/change-management-reports
3,/pages/modeling-reports
4,/pages/operations-reports
5,/pages/pending-hub-changes
6,/pages/regulation-performance-by-mp
7,/pages/da-binding-constraints
8,/pages/congestion-by-constraint
9,/pages/da-lmp-by-bus
10,/pages/da-lmp-by-location
11,/pages/da-mcp
12,/pages/market-clearing
13,/pages/virtual-clearing-by-moa
14,/pages/virtual-reference-prices
15,/pages/rtbm-binding-constraints
16,/pages/fuel-on-margin
17,/pages/rtbm-lmp-by-bus
18,/pages/rtbm-lmp-by-location
19,/pages/rtbm-mcp
20,/pages/operating-reserves
21,/pages/allocations
22,/pages/ffe-on-m2m-flowgates
23,/pages/m2m-flowgate-list
24,/pages/energy
25,/pages/or
26,/pages/regdn
27,/pages/regup
28,/pages/headroom-and-floorroom
29,/pages/historical-offers
30,/pages/ramp-sharing
31,/pages/capacity-of-generation-on-outage
32,/pages/daily-metrics
33,/pages/day-ahead-wind-forecast
34,/pages/generation-mix-historical
35,/pages/hourly-load
36,/pages/mtlf-vs-actual
37,/pages/resource-forecast-by-reserve-zone
38,/pages/stlf-vs-actual
39,/pages/short-term-wind-forecast
40,/pages/tie-flow-historical
41,/pages/calendars
42,/pages/reports
43,/pages/daily-funding-by-constraint
44,/pages/electrically-equivalent-settlement-locations
45,/pages/faq
46,/pages/monthly-funding-by-constraint
47,/pages/reference-prices
48,/pages/tcr-allocation-historical-results
49,/pages/tcr-auction-historical-results
50,/pages/tcr-calendar
51,/pages/tcr-product-period-hours
52,/pages/ace-chart
53,/pages/forecast-vs-actual
54,/pages/generation-mix
55,/pages/generation-mix-rolling-365
56,/pages/generation-mix-ytd
57,/pages/hub-and-interface-prices
58,/pages/interchange-trend
59,/pages/market-monitoring-data-depository
60,/pages/your-certificate-information
61,/login
62,/terms-of-use
63,/sitemap
